zbin,name,ra,dec,z,gal_l,mass,complete,lowmass,S-PLUS,CHANCES,Abell,WINGS,ACT-DR5,PSZ2,LoVoCCS,HIFLUGCS,MeerKAT
1,93203505,-160.16428,-15.58468,0.009,312.76,0.17,False,False,SPLUS-n13s36,,,,,,,,
1,93264006,-28.5219,-50.17595,0.009,345.29,0.22,False,False,SPLUS-s39s44,,ABELL S0989,,,,,,
1,93231006,62.70574,-32.9153,0.003,233.19,0.07,False,False,SPLUS-s26s40,,,,,,,,
2,93163302,-178.98261,3.99877,0.023,274.82,0.71,False,False,SPLUS-n04n23,,ABELL 1463,,,,,,
2,93193503,-166.77876,-10.43772,0.016,303.52,0.46,False,False,SPLUS-n09s32,,,,,,,,
2,93213307,-165.3246,-21.8946,0.024,305.16,0.68,False,False,SPLUS-n17s31,,,,,,,,
2,93203611,-159.37158,-17.16138,0.024,313.47,0.83,False,False,SPLUS-n14s37,,ABELL 1725,,,,,,
2,93254303,-43.9233,-43.4099,0.017,357.64,0.45,False,False,SPLUS-s33s43,,ABELL S0919,,ACT-CL J2103.4-4321,PSZ2 G357.75-41.77,,,
2,93254302,-41.03405,-42.59084,0.016,358.71,0.35,False,False,SPLUS-s33s45,,ABELL 3756,,,,,,
2,90911,-36.49082,-42.66417,0.028,358.34,1.06,False,False,SPLUS-s33s47,,ABELL 3783,,ACT-CL J2134.0-4238,PSZ2 G358.34-47.31,,,
2,93245003,-17.66491,-37.50274,0.028,3.19,0.55,False,False,SPLUS-s29s62,,ABELL S1065,,,,,,
2,93176202,-11.14655,-2.37067,0.024,75.96,0.88,False,False,SPLUS-s03s19,,,,,,,,
2,93176401,-3.10525,-2.31764,0.022,88.58,0.63,False,False,SPLUS-s03s25,,,,ACT-CL J2349.1-0227,,,,
2,93170229,9.67768,0.63147,0.013,116.13,0.13,False,False,STRIPE82_0016,,,,ACT-CL J0038.6+0044,,,,
2,93270218,9.992,-56.1471,0.027,306.22,0.81,False,False,SPLUS-s43s05,,ABELL 2806,,,,,,
2,93260205,14.20661,-52.86947,0.025,301.06,0.53,False,False,SPLUS-s41s07,,,,ACT-CL J0057.3-5223,,,,
2,93170309,16.07449,-0.75861,0.016,130.14,0.28,False,False,STRIPE82_0023,,,,ACT-CL J0103.8-0103,,,,
2,93250303,17.07226,-46.87614,0.022,294.5,0.56,False,False,SPLUS-s36s10,A2877,ABELL 2870,,ACT-CL J0108.5-4659,,,,
2,93230304,18.30241,-31.85599,0.018,259.18,0.67,False,False,SPLUS-s25s12,,ABELL S0141,,,,,,
2,93170432,20.55288,-0.96572,0.026,139.97,0.7,False,False,STRIPE82_0031,,,,ACT-CL J0120.8-0059,,,,
2,93270401,35.42588,-58.56363,0.029,282.59,0.68,False,False,SPLUS-s45s15,,,,ACT-CL J0218.5-5826,,,,
2,93170702,37.97483,1.22547,0.021,167.43,0.56,False,False,STRIPE82_0056,,,,,,,,
2,93250901,67.05966,-47.99597,0.016,254.59,0.27,False,False,SPLUS-s37s35,,,,,,,,
2,93280906,91.27726,-63.4893,0.027,272.87,0.49,False,False,MC0009,,,,,,,,
2,93222510,149.54521,-26.97233,0.01,261.77,0.19,False,False,HYDRA_0030,NGC3078,,,,,,,
2,93202701,150.47119,-19.47187,0.014,256.95,0.38,False,False,SPLUS-n15s01,,ABELL S0623,,,,,,
2,93202718,151.64981,-15.94998,0.017,255.13,0.2,False,False,SPLUS-n13s02,,,,,,,,
2,93192905,161.0612,-8.84413,0.029,257.88,0.49,False,False,SPLUS-n08s08,,,,,,,,
2,93193015,166.44223,-9.9632,0.028,264.7,0.44,False,False,SPLUS-n08s12,,,,,PSZ2 G264.92+44.70,,,
2,93183111,170.69251,-7.72019,0.026,268.13,0.4,False,False,SPLUS-n07s16,,,,,,,,
2,93193215,174.75591,-9.32429,0.021,274.73,0.33,False,False,SPLUS-n08s18,,ABELL 1332,,,,,,
2,93173203,179.49561,-2.26903,0.021,277.17,0.42,False,False,SPLUS-n03s22,,,,,,,,
3,75025,-164.08176,-19.88271,0.042,306.86,1.05,False,False,SPLUS-n16s32,,ABELL S0720,,,,,,
3,70916,-153.98157,-19.82512,0.035,319.51,1.1,False,False,SPLUS-n16s39,,ABELL S0741,,,,,,
3,93203701,-151.40384,-19.79984,0.034,322.59,0.31,False,False,SPLUS-n16s41,,ABELL S0752,,,,,,
3,93213601,-150.1923,-24.39218,0.037,322.08,0.9,False,False,SPLUS-n19s31,,,,,,,,
3,66907,-149.55839,-11.47646,0.04,329.08,1.04,False,False,SPLUS-n10s44,,ABELL 1836,,,,,,
3,93163901,-141.4473,3.69369,0.031,353.74,1.03,False,False,SPLUS-n04n51,,,,,,,,
3,93215409,-42.08242,-23.23155,0.036,24.58,1.18,False,False,SPLUS-s18s23,,,,,,,,
3,93215615,-34.99763,-22.50186,0.032,28.1,1.14,False,False,SPLUS-s18s28,,ABELL S0963,,,,,,
3,93273701,-17.86173,-58.48449,0.035,328.67,0.74,False,False,SPLUS-s45s41,,,,ACT-CL J2248.0-5855,,,,
3,93216101,-3.86499,-23.98526,0.047,40.99,0.83,False,False,SPLUS-s19s49,,,,,,,,
3,93260109,1.41978,-50.09994,0.034,320.74,0.86,False,False,SPLUS-s39s02,,,,ACT-CL J0005.2-5027,,,,
3,55251,14.1423,-0.44927,0.044,125.79,0.71,False,False,STRIPE82_0021,A0119,,,,,,,
3,93170608,30.0778,-1.41733,0.042,158.53,0.68,False,False,STRIPE82_0043,,,,,,,,
3,93251022,71.64676,-44.52929,0.034,249.71,0.78,False,False,SPLUS-s34s39,,ABELL S0497,,,,,,
3,93221444,86.27201,-25.98547,0.039,230.51,1.18,False,False,,A0548W,,A0548b,,,,A0548w,
3,77692,86.70733,-25.65022,0.041,230.31,1.05,False,False,,A0548W,ABELL 0548,,,PSZ2 G230.28-24.42,,A0548w,Abell 548
3,77804,87.31748,-25.79397,0.04,230.66,0.83,False,False,,A0548E,,,,PSZ2 G230.28-24.42,,A0548e,
3,93271006,90.31789,-58.59858,0.038,267.24,0.96,False,False,S0560_2022B,S0560,ABELL S0560,,ACT-CL J0600.7-5836,,,,MCXC J0600.8-5835
3,93280911,90.62065,-64.76098,0.046,274.32,0.8,False,False,MC0018,,,,,,,,
3,93290801,92.67264,-67.75726,0.036,277.77,0.68,False,False,MC0043,,,,,,,,
3,93281010,108.00673,-60.54771,0.033,271.3,0.91,False,False,,,,,,,,,MCXC J0712.0-6030
3,93202709,150.61341,-15.34033,0.031,253.8,0.88,False,False,SPLUS-n12s01,,ABELL 0911,,,,,,
3,57189,151.53602,-1.56867,0.035,241.98,0.9,False,False,SPLUS-n02s02,,,,ACT-CL J1004.8-0137,,,,
3,61823,155.15424,-4.56865,0.042,248.16,0.9,False,False,SPLUS-n04s04,,,,,,,,
3,61803,156.77106,-3.31906,0.032,248.43,0.94,False,False,SPLUS-n03s05,,,,,,,,
3,61798,157.5288,-3.14367,0.038,248.98,1.16,False,False,SPLUS-n03s06,,,,ACT-CL J1031.7-0302,,,,
3,93173009,164.65051,1.60502,0.04,251.5,1.14,False,False,SPLUS-n02n11,,ABELL 1139,,,,,,
4,66986,-138.35882,-8.79709,0.065,344.79,2.63,False,False,SPLUS-n07s53,,ABELL 1964,,,,,,
4,63702,-34.32133,-6.83267,0.053,48.42,1.23,False,False,SPLUS-s06s02,,ABELL 2366,,,,,,
4,63778,-31.89284,-7.01187,0.06,49.87,1.31,False,False,SPLUS-s06s04,,,,,,,,
4,76356,-29.5559,-22.43558,0.069,30.31,3.31,False,False,SPLUS-s18s32,,ABELL S0987,,,,,,
4,84174,9.34682,-39.11816,0.063,315.78,1.82,False,False,SPLUS-s30s06,,ABELL 2799,,,,,,
4,64216,10.49399,-9.81745,0.055,115.14,1.13,False,False,,A0085,ABELL 0087,,,PSZ2 G115.25-72.07,,,
4,64217,10.78993,-9.85979,0.055,116.09,1.14,False,False,,A0085,ABELL 0087,,,PSZ2 G116.24-72.94,,,
4,77107,36.49013,-29.56372,0.06,225.19,1.19,False,False,,,ABELL S0258,,,,,,MCXC J0225.1-2928
4,77232,47.86198,-26.9204,0.068,220.72,2.8,False,False,,A3094,ABELL 3094,,,PSZ2 G220.74-58.91,,,
4,73318,69.72095,-22.11313,0.068,220.57,4.27,False,False,,A0500,ABELL 0500,A0500,,PSZ2 G220.53-38.55,,,
4,65983,139.5993,-12.38769,0.055,243.23,1.41,False,False,,A0780,ABELL 0780,,,,A780,HYDRA-A,
4,61754,151.68805,-6.36779,0.061,246.84,1.31,False,False,SPLUS-n06s02,,,,,,,,
4,93172804,155.11964,-2.62678,0.064,246.19,2.25,False,False,SPLUS-n03s04,,,,,,,,
4,57284,155.13706,-2.4641,0.063,246.04,2.27,False,False,SPLUS-n03s04,,,,,,,,
4,61827,155.45397,-4.88726,0.054,248.74,1.31,False,False,SPLUS-n05s05,,ABELL 0993,,,,,,
